FirstName,LastName,FullName,FirstNameNative,LastNameNative,FullNameNative,Gender,Language
Dakota,Sanchez,Dakota Sanchez,Dakota,Sanchez,Dakota Sanchez,Gender neutral,English (United States)
Aaron,Gonzales,Aaron Gonzales,Aaron,Gonzales,Aaron Gonzales,Male,English (United States)
Abigail,Jackson,Abigail Jackson,Abigail,Jackson,Abigail Jackson,Female,English (United States)
Jordan,Mitchell,Jordan Mitchell,Jordan,Mitchell,Jordan Mitchell,Gender neutral,English (United States)
Jamal,Carter,Jamal Carter,Jamal,Carter,Jamal Carter,Male,English (United States)
Elizabeth,Moore,Elizabeth Moore,Elizabeth,Moore,Elizabeth Moore,Female,English (United States)
Markus,Long,Markus Long,Markus,Long,Markus Long,Male,English (United States)
Avery,Washington,Avery Washington,Avery,Washington,Avery Washington,Gender neutral,English (United States)
Quinn,Santiago,Quinn Santiago,Quinn,Santiago,Quinn Santiago,Gender neutral,English (United States)
Alex,Johnson,Alex Johnson,Alex,Johnson,Alex Johnson,Gender neutral,English (United States)
Anne,Patel,Anne Patel,Anne,Patel,Anne Patel,Female,English (United States)
Skylar,Bennett,Skylar Bennett,Skylar,Bennett,Skylar Bennett,Gender neutral,English (United States)
Joseph,Price,Joseph Price,Joseph,Price,Joseph Price,Male,English (United States)
Kai,Carter,Kai Carter,Kai,Carter,Kai Carter,Gender neutral,English (United States)
Rowan,Murphy,Rowan Murphy,Rowan,Murphy,Rowan Murphy,Gender neutral,English (United States)
Fatima,Hassan,Fatima Hassan,Fatima,Hassan,Fatima Hassan,Female,English (United States)
Hailey,Clark,Hailey Clark,Hailey,Clark,Hailey Clark,Female,English (United States)
Malik,Barden,Malik Barden,Malik,Barden,Malik Barden,Male,English (United States)
Vance,DeLeon,Vance DeLeon,Vance,DeLeon,Vance DeLeon,Male,English (United States)
Maya,Jefferson,Maya Jefferson,Maya,Jefferson,Maya Jefferson,Female,English (United States)
Andre,Coleman,Andre Coleman,Andre,Coleman,Andre Coleman,Male,English (United States)
Miguel,Reyes,Miguel Reyes,Miguel,Reyes,Miguel Reyes,Male,English (United States)
Cora,Thomas,Cora Thomas,Cora,Thomas,Cora Thomas,Female,English (United States)
Anthony,Ivanov,Anthony Ivanov,Anthony,Ivanov,Anthony Ivanov,Male,English (United States)
Victoria,Burke,Victoria Burke,Victoria,Burke,Victoria Burke,Female,English (United States)
Madison,Kim,Madison Kim,Madison,Kim,Madison Kim,Female,English (United States)
Amari,Rivera,Amari Rivera,Amari,Rivera,Amari Rivera,Gender neutral,English (United States)
Avery,Howard,Avery Howard,Avery,Howard,Avery Howard,Gender neutral,English (United States)
Corey,Gray,Corey Gray,Corey,Gray,Corey Gray,Male,English (United States)
Ellis,Turner,Ellis Turner,Ellis,Turner,Ellis Turner,Gender neutral,English (United States)
Graham,Barnes,Graham Barnes,Graham,Barnes,Graham Barnes,Male,English (United States)
Casey,Morgan,Casey Morgan,Casey,Morgan,Casey Morgan,Gender neutral,English (United States)
Phoenix,Ray,Phoenix Ray,Phoenix,Ray,Phoenix Ray,Gender neutral,English (United States)
Darius,Franklin,Darius Franklin,Darius,Franklin,Darius Franklin,Male,English (United States)
Jacob,Hancock,Jacob Hancock,Jacob,Hancock,Jacob Hancock,Male,English (United States)
Leila,Castillo,Leila Castillo,Leila,Castillo,Leila Castillo,Female,English (United States)
Reed,Smith,Reed Smith,Reed,Smith,Reed Smith,Gender neutral,English (United States)
Sam,Cantrell,Sam Centrell,Sam,Cantrell,Sam Centrell,Gender neutral,English (United States)
Wesley,Brooks,Wesley Brooks,Wesley,Brooks,Wesley Brooks,Male,English (United States)
Marcus,Patel,Marcus Patel,Marcus,Patel,Marcus Patel,Male,English (United States)
Tyler,Stein,Tyler Stein,Tyler,Stein,Tyler Stein,Gender neutral,English (United States)
Cameron,Lee,Cameron Lee,Cameron,Lee,Cameron Lee,Gender neutral,English (United States)
Dakota,Rivers,Dakota Rivers,Dakota,Rivers,Dakota Rivers,Gender neutral,English (United States)
Serena,Davis,Serena Davis,Serena,Davis,Serena Davis,Female,English (United States)
Shawn,Hughes,Shawn Hughes,Shawn,Hughes,Shawn Hughes,Male,English (United States)
Tomas,Richardson,Tomas Richardson,Tomas,Richardson,Tomas Richardson,Male,English (United States)
Kendall,Ortiz,Kendall Ortiz,Kendall,Ortiz,Kendall Ortiz,Gender neutral,English (United States)
Oscar,Ward,Oscar Ward,Oscar,Ward,Oscar Ward,Male,English (United States)
Rory,Nguyen,Rory Nguyen,Rory,Nguyen,Rory Nguyen,Gender neutral,English (United States)
Renata,Hall,Renata Hall,Renata,Hall,Renata Hall,Female,English (United States)
Adrian,King,Adrian King,Adrian,King,Adrian King,Gender neutral,English (United States)
Nicole,Wagner,Nicole Wagner,Nicole,Wagner,Nicole Wagner,Female,English (United States)
Kiana,Anderson,Kiana Anderson,Kiana,Anderson,Kiana Anderson,Female,English (United States)
Robin,Kline,Robin Kline,Robin,Kline,Robin Kline,Gender neutral,English (United States)
Eric,Solomon,Eric Solomon,Eric,Solomon,Eric Solomon,Male,English (United States)
Ashley,Schroeder,Ashley Schroeder,Ashley,Schroeder,Ashley Schroeder,Female,English (United States)
Christopher,Reed,Christoper Reed,Christopher,Reed,Christopher Reed,Male,English (United States)
Jessie,Irwin,Jessie Irwin,Jessie,Irwin,Jessie Irwin,Gender neutral,English (United States)
Nia,Clarke,Nia Clarke,Nia,Clarke,Nia Clarke,Female,English (United States)
Caleb,Miller,Caleb Miller,Caleb,Miller,Caleb Miller,Male,English (United States)
Parker,McLean,Parker McLean,Parker,McLean,Parker McLean,Gender neutral,English (United States)
Felix,Henderson,Felix Henderson,Felix,Henderson,Felix Henderson,Male,English (United States)
Lucia,Romero,Lucia Romero,Lucia,Romero,Lucia Romero,Female,English (United States)
Terrence,Wu,Terrence Wu,Terrence,Wu,Terrence Wu,Male,English (United States)
Hannah,Jarvis,Hannah Jarvis,Hannah,Jarvis,Hannah Jarvis,Female,English (United States)
Amara,White,Amara White,Amara,White,Amara White,Female,English (United States)
Julian,Kim,Julian Kim,Julian,Kim,Julian Kim,Male,English (United States)
Elijah,Thompson,Elijah Thompson,Elijah,Thompson,Elijah Thompson,Male,English (United States)
Kayla,Lewis,Kayla Lewis,Kayla,Lewis,Kayla Lewis,Female,English (United States)
Jayden,Phillips,Jayden Phillips,Jayden,Phillips,Jayden Phillips,Gender neutral,English (United States)
Quincy,Brooks,Quincy Brooks,Quincy,Brooks,Quincy Brooks,Male,English (United States)
Eugenia,Lopez,Eugenia Lopez,Eugenia,Lopez,Eugenia Lopez,Female,English (United States)
Benjamin,Stuart,Benjamin Stuart,Benjamin,Stuart,Benjamin Stuart,Male,English (United States)
Isabel,Garcia,Isabel Garcia,Isabel,Garcia,Isabel Garcia,Female,English (United States)
Lisa,Taylor,Lisa Taylor,Lisa,Taylor,Lisa Taylor,Female,English (United States)
Isaiah,Green,Isaiah Green,Isaiah,Green,Isaiah Green,Male,English (United States)
Riley,Ramirez,Riley Ramirez,Riley,Ramirez,Riley Ramirez,Gender neutral,English (United States)
Kerry,Allen,Kerry Allen,Kerry,Allen,Kerry Allen,Gender neutral,English (United States)
Maya,Robinson,Maya Robinson,Maya,Robinson,Maya Robinson,Female,English (United States)
Olivia,Wilson,Olivia Wilson,Olivia,Wilson,Olivia Wilson,Female,English (United States)
Hayden,Cook,Hayden Cook,Hayden,Cook,Hayden Cook,Gender neutral,English (United States)
Michael,Peltier,Michael Peltier,Michael,Peltier,Michael Peltier,Male,English (United States)
Hazel,Rodriguez,Hazel Rodriguez,Hazel,Rodriguez,Hazel Rodriguez,Female,English (United States)
Omar,Bennett,Omar Bennett,Omar,Bennett,Omar Bennett,Male,English (United States)
Jordan,Alvarez,Jordan Alvarez,Jordan,Alvarez,Jordan Alvarez,Gender neutral,English (United States)
Aaliyah,Brooks,Aaliyah Brooks,Aaliyah,Brooks,Aaliyah Brooks,Female,English (United States)
Sara,Perez,Sara Perez,Sara,Perez,Sara Perez,Female,English (United States)
Mateo,Gomez,Mateo Gomez,Mateo,Gomez,Mateo Gomez,Male,English (United States)
Natasha,Jones,Natasha Jones,Natasha,Jones,Natasha Jones,Female,English (United States)
Mario,Rogers,Mario Rogers,Mario,Rogers,Mario Rogers,Male,English (United States)
Zoe,Armstrong,Zoe Armstrong,Zoe,Armstrong,Zoe Armstrong,Female,English (United States)
Briana,Hernandez,Briana Hernandez,Briana,Hernandez,Briana Hernandez,Female,English (United States)
Quinn,Campbell,Quinn Campbell,Quinn,Campbell,Quin Campbell,Gender neutral,English (United States)
Andre,Lawson,Andre Lawson,Andre,Lawson,Andre Lawson,Male,English (United States)
Sydney,Mattos,Sydney Mattos,Sydney,Mattos,Sydney Mattos,Female,English (United States)
Maria,Sullivan,Maria Sullivan,Maria,Sullivan,Maria Sullivan,Female,English (United States)
Devon,Torres,Devon Torres,Devon,Torres,Devon Torres,Gender neutral,English (United States)
Jamie,Evans,Jamie Evans,Jamie,Evans,Jamie Evans,Gender neutral,English (United States)
Malik,Johnson,Malik Johnson,Malik,Johnson,Malik Johnson,Male,English (United States)
Priya,Desai,Priya Desai,Priya,Desai,Priya Desai,Female,English (United States)
